issue_id,business_type,category,subcategory,current_transaction_model,recommended_transaction_model,current_problem,affected_user,competitor_reference,missing_fields,missing_modules,trust_gap,conversion_impact,severity,recommended_solution,phase,development_effort,dependencies,affected_files,status
MJ-001,hospitality,فنادق وشاليهات,hotel/chalet,"C (appointment, hourly)","D (accommodation date-range)","room booked by the hour; no check-in/out range, nights, guests, per-night pricing; double-booking inevitable","customer+merchant","Booking.com,Airbnb,Agoda","check_in,check_out,nights,adults,children,infants,unit_count,per_night_price,seasonal_rate,min_stay,cleaning_fee,deposit","stay-engine,units,availability-calendar,rate-plans","no verified property, no real guest reviews, no final price breakdown",critical,critical,"Build Model D engine (units + unit_availability + rate_plans + date-range bookings); pull hospitality off hourly path immediately",MVP,XL,"18-#1,sector_definitions",src/lib/modules.ts;bookings schema;store/[id]/page.tsx,done
MJ-002,automotive,سيارات ونقل,vehicle-sale,"A (cart COD)","J listing + H lead","car sold via add-to-cart + delivery zone + change-for; no contact-dealer/test-drive","customer+merchant","AutoTrader,CarGurus","engine,color,body,warranty,financing,inspection,history,seller_verified","leads","no seller identity, no inspection, no verified listing",critical,critical,"Switch to listing+lead; add leads table; remove cart/COD for vehicles",MVP,L,"18-#2 leads",modules.ts;attributes.ts;store-products.tsx,done
MJ-003,automotive,سيارات ونقل,car-rental,"none (orphan rentals flag)","D (date-range rental)","rentals feature has no engine; no pickup/return dates, deposit, mileage policy","customer+merchant","Turo,Rentalcars","pickup_at,return_at,location,driver_age,deposit,mileage_policy,insurance","stay-engine","no availability trust",critical,critical,"Reuse accommodation date-range engine for rentals",Phase 2,L,"MJ-001 engine",modules-catalog.ts;bookings,open
MJ-004,realEstate,عقارات,property,"C (appointment) — no request form","I listing + H lead","listing on clinic-style slot calendar; un-actionable; no lead capture; CTA=Visit store","customer(lead)+agent","Bayut,Property Finder,Zillow","viewing_request,agent_identity,map_search,listing_verified","leads,listings-typed","no verified listing, no agent identity, fraud risk",critical,critical,"listing+lead model; leads table; request-viewing CTA; typed attrs w/ ranges",MVP,L,"18-#2 leads",store/[id]/page.tsx;booking-panel.tsx,done
MJ-005,"beauty,petCare,professional,education",متعدّد,appointment-sectors,"declared appointments, renders product grid","C (appointment)","good place_booking engine hardcoded-gated to {services,healthcare,realEstate}; these fall to product grid","customer+merchant","Fresha,Booksy,Doctolib","-","-","salon/vet/lawyer looks like a shop",critical,high,"Derive booking surface from resolveStoreModules instead of hardcoded bookingCategories (ZERO DB)",MVP,S,"none",store/[id]/page.tsx;store-products-section.tsx,done
MJ-006,"professional,contractors,realEstate,automotive",متعدّد,request-sectors,"declared requests, no public form","F/G/H","ServiceRequestForm hardcoded to services/healthcare only; declared requests never render","customer+merchant","Thumbtack,Houzz","-","-","leaks to WhatsApp untracked",high,high,"Drive request form from enabled modules; unify page gating",MVP,S,"MJ-005",store/[id]/page.tsx;service-request-form.tsx,done
MJ-007,food,مطاعم ومأكولات,restaurant,"A/B (flat options)","B (modifiers)","product_options flat optional only; no required/min/max modifier groups; no item note","customer","Uber Eats,Toast","modifier_group(required,min,max),item_note","-","wrong order composition",high,high,"Add modifier_groups + modifier_options; order_items.note; expand order RPC",MVP,M,"place_order RPC",product_options schema;product-order.tsx,done
MJ-008,food,مطاعم ومأكولات,restaurant,"A (immediate only)","B scheduled","no scheduled_for; no pre-orders/delivery windows","customer","Deliveroo,Talabat","scheduled_for,delivery_windows","-","-",medium,medium,"Add orders.scheduled_for + store_delivery_windows",Phase 2,M,"none",orders schema,open
MJ-009,pharmacy,صيدليات ومختبرات,pharmacy-vs-lab,"A (commerce)","A (pharmacy) + C (lab)","pharmacy and lab conflated in one commerce sector; lab test sold as shippable product","customer","Vezeeta labs","rx_upload,rx_required,fasting,home_visit,test_packages","lab-appointments","no compliance disclaimer",high,high,"Split lab into appointment/sample flow; add prescription upload + restricted items",Phase 2,L,"sector_definitions",attributes.ts;orders schema,open
MJ-010,"farm,retail",مزارع ومنتجات محلية,grocery,"A (fixed price)","A (weight/unit)","no per-kg/unit pricing; no substitutions; no delivery windows","customer","Instacart,Carrefour","sold_by,unit_price_per,substitution_pref,delivery_window","-","-",medium,medium,"Add products.sold_by + weight pricing + delivery windows",Phase 2,M,"MJ-008",products schema,open
MJ-011,"fitness,education",لياقة/تعليم,membership-course,"L declared (WhatsApp card)","L membership + enrollment","store_membership_plans/store_courses are price cards + wa.me; no enrollment/expiry/renewal record","customer+merchant","Mindbody,Glofox,Udemy","starts_on,ends_on,sessions_left,seats,certificate,trial","membership-ledger,enrollment","no real membership record",high,high,"Add memberships + enrollments tables + subscribe/enroll RPCs",Phase 2,L,"none",store_membership_plans;store_courses,done
MJ-012,events,مناسبات وقاعات,event-ticket,"C (hourly timeslot)","K tickets + D venue","hourly resource booking; no ticket type/quantity/attendee/per-event capacity","customer+merchant","Eventbrite","ticket_type,quantity,attendee_info,capacity_per_event","ticketing,venue-stay","-",high,high,"Add ticket_types + ticket_orders; venue date-range for halls",Phase 2,L,"MJ-001",timeslot-booking.tsx,done
MJ-013,"realEstate,automotive,retail",متعدّد,filters,"exact-match filters","typed range filters","attributes exact-match dropdowns only; no price/area/year/mileage ranges","customer","Bayut,AutoTrader","range_filters(price,area,year,mileage,rooms)","sector_field_defs","hard to search",medium,high,"sector_field_defs typed fields + range filtering",Phase 2,M,"sector_definitions",attributes.ts;store-products.tsx,open
MJ-014,retail,تسوّق ومنتجات,electronics/furniture,"A","A + structured fields","retail defines NO attributes; electronics/furniture lack brand/specs/warranty/dimensions/assembly","customer","Amazon,Noon,IKEA","brand,specs,warranty,condition,dimensions,material,assembly,made_to_order","sector_field_defs","-",medium,medium,"Add per-subvertical attribute defs; size guide; structured return policy",Phase 2,M,"MJ-013",attributes.ts,open
MJ-015,retail,تسوّق ومنتجات,fashion,"A","A","no size guide, no product measurements, unstructured return policy, no comparison","customer","Zara,ASOS","size_guide,measurements,return_policy,compare","-","return anxiety",low,medium,"Add size guide + structured return policy + wishlist",Phase 3,S,"none",product schema,open
MJ-016,"services,contractors",خدمات/مقاولات,field-service,"F (generic)","F+","request form generic (desc+addr+phone); no photos/urgency/service_area/assignment/tracking","customer+provider","TaskRabbit,Angi","photos,urgency,service_area,preferred_at,assigned_provider,tracking,completion","-","no completion proof",high,high,"Extend service_requests fields + provider assignment + tracking",Phase 2,M,"MJ-006",service_requests schema,open
MJ-017,professional,خدمات مهنية,quote-project,"F (generic)","G brief","no structured project brief (scope/budget/timeline/files); consultation booking not surfaced","client","Clutch,Upwork","project_scope,budget_range,timeline,file_upload,credentials","-","no credentials shown",high,high,"Add project brief fields + credentials/case-studies; wire consultation",Phase 2,M,"MJ-005,MJ-006",service_requests schema,open
MJ-018,petCare,عناية بالحيوانات,vet,"A (product grid — misgated)","C (appointment)","not in bookingCategories → product grid; no pet species/breed at booking","client","Fresha","species,breed,pet_size","-","-",critical,high,"Fix gate (MJ-005) + add pet fields to booking",MVP,S,"MJ-005",booking-panel.tsx,stale
MJ-019,sportsCourts,ملاعب ورياضة,court,"timeslot (partial)","timeslot + hourly price","resource hourly booking works but no per-hour price shown, weak per-court availability, no waitlist/attendance","customer","Playtomic(للتحقّق)","hourly_price,court_calendar","-","-",medium,medium,"Surface hourly price + per-court calendar; align with main booking engine",Phase 3,M,"none",timeslot-booking.tsx,done
MJ-020,healthcare,صحة وعيادات,clinic,"C (works)","C+","no appointment type (in-person/online), new/returning flag, prep instructions, structured insurance, emergency disclaimer","patient","Doctolib,Vezeeta","appt_type,patient_status,prep_instructions,insurance,disclaimer","-","no license number shown",medium,medium,"Add appointment fields + surface license; keep NO medical records",Phase 2,S,"none",booking-panel.tsx,open
MJ-021,beauty,تجميل وعناية,salon,"A (product grid — misgated)","C (appointment)","not in bookingCategories → product grid; no staff pick, duration capacity, packages, deposit, before/after","client","Fresha,Booksy","staff_select,duration_capacity,packages,deposit,before_after","-","-",critical,high,"Fix gate (MJ-005) + staff select + packages",MVP,S,"MJ-005",store/[id]/page.tsx,stale
MJ-022,ALL,متعدّد,category-engine,"code-keyed by slug","hybrid sector_definitions","transaction model/CTA/fields/modules hardcoded on slug; admin business-types is label CRUD; novel slug crashes pages","admin+merchant","-","sector_definitions,sector_field_defs","dynamic-engine","-",high,high,"Build sector_definitions config table; drive page from it; constrain admin to enums",Phase 2,XL,"MJ-005",sectors.ts;modules.ts;business_types,open
MJ-023,ALL,متعدّد,onboarding,"single 8-field form","sector-aware onboarding","onboarding collects 8 generic fields; no sector fields; no profile-completeness/go-live checklist","merchant","Shopify,Salla(للتحقّق)","sector_fields,completeness","-","stores launch empty",high,medium,"Sector-aware onboarding + profile completeness + publish requirements",Phase 2,L,"MJ-022",merchant/new;store-form.tsx,done
MJ-024,ALL,متعدّد,checkout-divergence,"two checkouts","unified checkout","product-order.tsx omits zone/coupon/loyalty/custom_fields/guest that store cart supports","customer","-","-","-","guest dead-end on product page",medium,medium,"Unify single-item checkout with store cart RPC path",Phase 2,S,"none",product-order.tsx,open
MJ-025,ALL,متعدّد,min-order-enforcement,"client-side only","server-side","stores.min_order enforced client-side only (bypassable); only zone min in RPC","merchant","-","-","-","-",low,low,"Enforce store min_order inside order RPC",Phase 2,XS,"none",place_order RPC,done
MJ-026,ALL,متعدّد,trust-report,"market only","platform-wide","report button exists for Sunday Market only; not on stores/listings","customer","-","report_store,report_listing","-","no abuse recourse",medium,medium,"Generalize report button to stores + listings",Phase 2,S,"none",store/[id]/page.tsx,open
MJ-027,ALL,متعدّد,deposit,"none","manual deposit","no deposit/hold concept for high-value bookings (hotel/events/pro)","merchant","-","deposit_amount,deposit_status","-","-",low,low,"Manual deposit fields + OMT/Whish instructions (no gateway)",Phase 3,S,"MJ-001",bookings schema,open
MJ-028,ALL,متعدّد,two-listing-systems,"unlinked","linked/unified","products+attributes vs listings(Sunday Market) are separate schemas + search","customer","-","-","-","real-estate/auto stores invisible to /market",medium,medium,"Decide: unify or bridge search across both listing systems",Phase 3,L,"MJ-013",listings;products,open
