sector,module,required,optional,display_order,customer_visible,merchant_editable,admin_configurable,dependency,notes
food,catalog,no,no,0,no,yes,no,,Not in this sector's bundle (sectors.ts:185); nothing renders. DESCRIBED: declared at modules-catalog.ts:60 but zero readers in src/; the product grid renders regardless
food,menu,yes,no,3,no,yes,no,,Primary engine for this sector. In bundle at sectors.ts:185. DESCRIBED: zero readers; the menu heading comes from a slug switch at page.tsx:499-504 not from this module
food,orders,yes,no,3,ungated,yes,no,,Primary engine for this sector. In bundle at sectors.ts:185. DESCRIBED: cart comes from experience.canOrderProducts which store-experience.ts:183 sets to a flat true; module flag never read
food,inventory,no,no,0,no,yes,no,catalog,Not in this sector's bundle (sectors.ts:185); nothing renders. DESCRIBED: no public surface; merchant route /merchant/[id]/inventory exists
food,delivery,no,yes,6,ungated,yes,no,orders,In sector default bundle at sectors.ts:185; merchant may switch it off at /merchant/[id]/modules. DESCRIBED: store-delivery-options renders on couriers rows (page.tsx:580) and zones fetch at page.tsx:398 with no module check
food,pos,no,no,0,no,yes,no,catalog,Not in this sector's bundle (sectors.ts:185); nothing renders. DESCRIBED: in-store only; correctly has no public surface
food,appointments,no,no,0,no,yes,no,,Not in this sector's bundle (sectors.ts:185); nothing renders. DESCRIBED: read by store-experience.ts:117 to pick the appointment surface
food,timeslot,no,no,0,no,yes,no,,Not in this sector's bundle (sectors.ts:185); nothing renders. DESCRIBED: gates the store_resources fetch at page.tsx:216
food,classes,no,no,0,no,yes,no,,Not in this sector's bundle (sectors.ts:185); nothing renders. DESCRIBED: gates the store_classes fetch at page.tsx:236; store_classes holds 1 row in production
food,reservations,no,yes,4,yes,partial,no,,In sector default bundle at sectors.ts:185; merchant may switch it off at /merchant/[id]/modules. DESCRIBED: gates ReservationForm at page.tsx:661; no table/party-size model behind it
food,memberships,no,no,0,no,yes,no,,Not in this sector's bundle (sectors.ts:185); nothing renders. DESCRIBED: gates the plans fetch at page.tsx:226; store_memberships holds 0 rows in production
food,rentals,no,no,0,no,no,no,timeslot,Not in this sector's bundle (sectors.ts:185); nothing renders. DESCRIBED: zero readers anywhere in src/; pulls timeslot in via withDependencies
food,requests,no,no,0,no,yes,no,,Not in this sector's bundle (sectors.ts:185); nothing renders. DESCRIBED: read by store-experience.ts:118 to show the service-request form
food,listings,no,no,0,no,partial,no,,Not in this sector's bundle (sectors.ts:185); nothing renders. DESCRIBED: zero readers; listings render through the generic catalog surface
food,portfolio,no,no,0,no,yes,no,,Not in this sector's bundle (sectors.ts:185); nothing renders. DESCRIBED: gates the fetch at page.tsx:247; store_portfolio holds 0 rows in production despite a complete merchant UI
food,courses,no,no,0,no,yes,no,,Not in this sector's bundle (sectors.ts:185); nothing renders. DESCRIBED: gates the fetch at page.tsx:257
food,team,no,no,0,no,yes,no,,Not in this sector's bundle (sectors.ts:185); nothing renders. DESCRIBED: gated by sectorHasTeam (sectors.ts:438) which reads the SECTOR default and ignores the store_modules override - a bug
food,reviews,no,yes,8,ungated,no,no,,In sector default bundle at sectors.ts:185; merchant may switch it off at /merchant/[id]/modules. DESCRIBED: StoreReviews renders on store.isReal alone (page.tsx:714); the module flag is never read; 5 rows across 11 stores
food,verifications,no,no,0,no,yes,yes,,Not in this sector's bundle (sectors.ts:185); nothing renders. DESCRIBED: gates StoreVerifications at page.tsx:706; the only module with an admin review queue
food,location,no,yes,7,yes,yes,no,,In sector default bundle at sectors.ts:185; merchant may switch it off at /merchant/[id]/modules. DESCRIBED: gates the map at page.tsx:584; only 3 of 11 active stores carry coordinates
food,marketing,no,no,0,no,yes,no,,Not in this sector's bundle (sectors.ts:185); nothing renders. DESCRIBED: zero readers; no public offers surface exists
food,messaging,no,yes,0,ungated,yes,no,,In sector default bundle at sectors.ts:185; merchant may switch it off at /merchant/[id]/modules. DESCRIBED: MessageStoreButton renders on store.isReal (store-header.tsx:181); module flag never read
food,media,no,yes,5,no,partial,no,,In sector default bundle at sectors.ts:185; merchant may switch it off at /merchant/[id]/modules. DESCRIBED: zero readers anywhere in src/; no store-level gallery table exists
retail,catalog,yes,no,2,no,yes,no,,Primary engine for this sector. In bundle at sectors.ts:198. DESCRIBED: declared at modules-catalog.ts:60 but zero readers in src/; the product grid renders regardless
retail,menu,no,no,0,no,yes,no,,Not in this sector's bundle (sectors.ts:198); nothing renders. DESCRIBED: zero readers; the menu heading comes from a slug switch at page.tsx:499-504 not from this module
retail,orders,yes,no,2,ungated,yes,no,,Primary engine for this sector. In bundle at sectors.ts:198. DESCRIBED: cart comes from experience.canOrderProducts which store-experience.ts:183 sets to a flat true; module flag never read
retail,inventory,no,yes,0,no,yes,no,catalog,In sector default bundle at sectors.ts:198; merchant may switch it off at /merchant/[id]/modules. DESCRIBED: no public surface; merchant route /merchant/[id]/inventory exists
retail,delivery,no,yes,4,ungated,yes,no,orders,In sector default bundle at sectors.ts:198; merchant may switch it off at /merchant/[id]/modules. DESCRIBED: store-delivery-options renders on couriers rows (page.tsx:580) and zones fetch at page.tsx:398 with no module check
retail,pos,no,no,0,no,yes,no,catalog,Not in this sector's bundle (sectors.ts:198); nothing renders. DESCRIBED: in-store only; correctly has no public surface
retail,appointments,no,no,0,no,yes,no,,Not in this sector's bundle (sectors.ts:198); nothing renders. DESCRIBED: read by store-experience.ts:117 to pick the appointment surface
retail,timeslot,no,no,0,no,yes,no,,Not in this sector's bundle (sectors.ts:198); nothing renders. DESCRIBED: gates the store_resources fetch at page.tsx:216
retail,classes,no,no,0,no,yes,no,,Not in this sector's bundle (sectors.ts:198); nothing renders. DESCRIBED: gates the store_classes fetch at page.tsx:236; store_classes holds 1 row in production
retail,reservations,no,no,0,no,partial,no,,Not in this sector's bundle (sectors.ts:198); nothing renders. DESCRIBED: gates ReservationForm at page.tsx:661; no table/party-size model behind it
retail,memberships,no,no,0,no,yes,no,,Not in this sector's bundle (sectors.ts:198); nothing renders. DESCRIBED: gates the plans fetch at page.tsx:226; store_memberships holds 0 rows in production
retail,rentals,no,no,0,no,no,no,timeslot,Not in this sector's bundle (sectors.ts:198); nothing renders. DESCRIBED: zero readers anywhere in src/; pulls timeslot in via withDependencies
retail,requests,no,no,0,no,yes,no,,Not in this sector's bundle (sectors.ts:198); nothing renders. DESCRIBED: read by store-experience.ts:118 to show the service-request form
retail,listings,no,no,0,no,partial,no,,Not in this sector's bundle (sectors.ts:198); nothing renders. DESCRIBED: zero readers; listings render through the generic catalog surface
retail,portfolio,no,no,0,no,yes,no,,Not in this sector's bundle (sectors.ts:198); nothing renders. DESCRIBED: gates the fetch at page.tsx:247; store_portfolio holds 0 rows in production despite a complete merchant UI
retail,courses,no,no,0,no,yes,no,,Not in this sector's bundle (sectors.ts:198); nothing renders. DESCRIBED: gates the fetch at page.tsx:257
retail,team,no,no,0,no,yes,no,,Not in this sector's bundle (sectors.ts:198); nothing renders. DESCRIBED: gated by sectorHasTeam (sectors.ts:438) which reads the SECTOR default and ignores the store_modules override - a bug
retail,reviews,no,yes,8,ungated,no,no,,In sector default bundle at sectors.ts:198; merchant may switch it off at /merchant/[id]/modules. DESCRIBED: StoreReviews renders on store.isReal alone (page.tsx:714); the module flag is never read; 5 rows across 11 stores
retail,verifications,no,no,0,no,yes,yes,,Not in this sector's bundle (sectors.ts:198); nothing renders. DESCRIBED: gates StoreVerifications at page.tsx:706; the only module with an admin review queue
retail,location,no,yes,7,yes,yes,no,,In sector default bundle at sectors.ts:198; merchant may switch it off at /merchant/[id]/modules. DESCRIBED: gates the map at page.tsx:584; only 3 of 11 active stores carry coordinates
retail,marketing,no,yes,3,no,yes,no,,In sector default bundle at sectors.ts:198; merchant may switch it off at /merchant/[id]/modules. DESCRIBED: zero readers; no public offers surface exists
retail,messaging,no,yes,0,ungated,yes,no,,In sector default bundle at sectors.ts:198; merchant may switch it off at /merchant/[id]/modules. DESCRIBED: MessageStoreButton renders on store.isReal (store-header.tsx:181); module flag never read
retail,media,no,yes,6,no,partial,no,,In sector default bundle at sectors.ts:198; merchant may switch it off at /merchant/[id]/modules. DESCRIBED: zero readers anywhere in src/; no store-level gallery table exists
services,catalog,no,no,0,no,yes,no,,Not in this sector's bundle (sectors.ts:211); nothing renders. DESCRIBED: declared at modules-catalog.ts:60 but zero readers in src/; the product grid renders regardless
services,menu,no,no,0,no,yes,no,,Not in this sector's bundle (sectors.ts:211); nothing renders. DESCRIBED: zero readers; the menu heading comes from a slug switch at page.tsx:499-504 not from this module
services,orders,no,no,0,no,yes,no,,Not in this sector's bundle (sectors.ts:211); nothing renders. DESCRIBED: cart comes from experience.canOrderProducts which store-experience.ts:183 sets to a flat true; module flag never read
services,inventory,no,no,0,no,yes,no,catalog,Not in this sector's bundle (sectors.ts:211); nothing renders. DESCRIBED: no public surface; merchant route /merchant/[id]/inventory exists
services,delivery,no,no,0,no,yes,no,orders,Not in this sector's bundle (sectors.ts:211); nothing renders. DESCRIBED: store-delivery-options renders on couriers rows (page.tsx:580) and zones fetch at page.tsx:398 with no module check
services,pos,no,no,0,no,yes,no,catalog,Not in this sector's bundle (sectors.ts:211); nothing renders. DESCRIBED: in-store only; correctly has no public surface
services,appointments,no,no,0,no,yes,no,,Not in this sector's bundle (sectors.ts:211); nothing renders. DESCRIBED: read by store-experience.ts:117 to pick the appointment surface
services,timeslot,no,no,0,no,yes,no,,Not in this sector's bundle (sectors.ts:211); nothing renders. DESCRIBED: gates the store_resources fetch at page.tsx:216
services,classes,no,no,0,no,yes,no,,Not in this sector's bundle (sectors.ts:211); nothing renders. DESCRIBED: gates the store_classes fetch at page.tsx:236; store_classes holds 1 row in production
services,reservations,no,no,0,no,partial,no,,Not in this sector's bundle (sectors.ts:211); nothing renders. DESCRIBED: gates ReservationForm at page.tsx:661; no table/party-size model behind it
services,memberships,no,no,0,no,yes,no,,Not in this sector's bundle (sectors.ts:211); nothing renders. DESCRIBED: gates the plans fetch at page.tsx:226; store_memberships holds 0 rows in production
services,rentals,no,no,0,no,no,no,timeslot,Not in this sector's bundle (sectors.ts:211); nothing renders. DESCRIBED: zero readers anywhere in src/; pulls timeslot in via withDependencies
services,requests,yes,no,3,yes,yes,no,,Primary engine for this sector. In bundle at sectors.ts:211. DESCRIBED: read by store-experience.ts:118 to show the service-request form
services,listings,no,no,0,no,partial,no,,Not in this sector's bundle (sectors.ts:211); nothing renders. DESCRIBED: zero readers; listings render through the generic catalog surface
services,portfolio,no,yes,2,yes,yes,no,,In sector default bundle at sectors.ts:211; merchant may switch it off at /merchant/[id]/modules. DESCRIBED: gates the fetch at page.tsx:247; store_portfolio holds 0 rows in production despite a complete merchant UI
services,courses,no,no,0,no,yes,no,,Not in this sector's bundle (sectors.ts:211); nothing renders. DESCRIBED: gates the fetch at page.tsx:257
services,team,no,yes,0,sector-only,yes,no,,RECOMMENDED ADD: technicians/crew are a real roster for this sector. Not in the bundle at sectors.ts:211 today. DESCRIBED: gated by sectorHasTeam (sectors.ts:438) which reads the SECTOR default and ignores the store_modules override - a bug
services,reviews,no,yes,6,ungated,no,no,,In sector default bundle at sectors.ts:211; merchant may switch it off at /merchant/[id]/modules. DESCRIBED: StoreReviews renders on store.isReal alone (page.tsx:714); the module flag is never read; 5 rows across 11 stores
services,verifications,no,yes,5,yes,yes,yes,,In sector default bundle at sectors.ts:211; merchant may switch it off at /merchant/[id]/modules. DESCRIBED: gates StoreVerifications at page.tsx:706; the only module with an admin review queue
services,location,no,yes,7,yes,yes,no,,In sector default bundle at sectors.ts:211; merchant may switch it off at /merchant/[id]/modules. DESCRIBED: gates the map at page.tsx:584; only 3 of 11 active stores carry coordinates
services,marketing,no,no,0,no,yes,no,,Not in this sector's bundle (sectors.ts:211); nothing renders. DESCRIBED: zero readers; no public offers surface exists
services,messaging,no,yes,0,ungated,yes,no,,In sector default bundle at sectors.ts:211; merchant may switch it off at /merchant/[id]/modules. DESCRIBED: MessageStoreButton renders on store.isReal (store-header.tsx:181); module flag never read
services,media,no,yes,0,no,partial,no,,In sector default bundle at sectors.ts:211; merchant may switch it off at /merchant/[id]/modules. DESCRIBED: zero readers anywhere in src/; no store-level gallery table exists
healthcare,catalog,no,no,0,no,yes,no,,Not in this sector's bundle (sectors.ts:224); nothing renders. DESCRIBED: declared at modules-catalog.ts:60 but zero readers in src/; the product grid renders regardless
healthcare,menu,no,no,0,no,yes,no,,Not in this sector's bundle (sectors.ts:224); nothing renders. DESCRIBED: zero readers; the menu heading comes from a slug switch at page.tsx:499-504 not from this module
healthcare,orders,no,no,0,no,yes,no,,Not in this sector's bundle (sectors.ts:224); nothing renders. DESCRIBED: cart comes from experience.canOrderProducts which store-experience.ts:183 sets to a flat true; module flag never read
healthcare,inventory,no,no,0,no,yes,no,catalog,Not in this sector's bundle (sectors.ts:224); nothing renders. DESCRIBED: no public surface; merchant route /merchant/[id]/inventory exists
healthcare,delivery,no,no,0,no,yes,no,orders,Not in this sector's bundle (sectors.ts:224); nothing renders. DESCRIBED: store-delivery-options renders on couriers rows (page.tsx:580) and zones fetch at page.tsx:398 with no module check
healthcare,pos,no,no,0,no,yes,no,catalog,Not in this sector's bundle (sectors.ts:224); nothing renders. DESCRIBED: in-store only; correctly has no public surface
healthcare,appointments,yes,no,4,yes,yes,no,,Primary engine for this sector. In bundle at sectors.ts:224. DESCRIBED: read by store-experience.ts:117 to pick the appointment surface
healthcare,timeslot,no,no,0,no,yes,no,,Not in this sector's bundle (sectors.ts:224); nothing renders. DESCRIBED: gates the store_resources fetch at page.tsx:216
healthcare,classes,no,no,0,no,yes,no,,Not in this sector's bundle (sectors.ts:224); nothing renders. DESCRIBED: gates the store_classes fetch at page.tsx:236; store_classes holds 1 row in production
healthcare,reservations,no,no,0,no,partial,no,,Not in this sector's bundle (sectors.ts:224); nothing renders. DESCRIBED: gates ReservationForm at page.tsx:661; no table/party-size model behind it
healthcare,memberships,no,no,0,no,yes,no,,Not in this sector's bundle (sectors.ts:224); nothing renders. DESCRIBED: gates the plans fetch at page.tsx:226; store_memberships holds 0 rows in production
healthcare,rentals,no,no,0,no,no,no,timeslot,Not in this sector's bundle (sectors.ts:224); nothing renders. DESCRIBED: zero readers anywhere in src/; pulls timeslot in via withDependencies
healthcare,requests,no,no,0,no,yes,no,,Not in this sector's bundle (sectors.ts:224); nothing renders. DESCRIBED: read by store-experience.ts:118 to show the service-request form
healthcare,listings,no,no,0,no,partial,no,,Not in this sector's bundle (sectors.ts:224); nothing renders. DESCRIBED: zero readers; listings render through the generic catalog surface
healthcare,portfolio,no,no,0,no,yes,no,,Not in this sector's bundle (sectors.ts:224); nothing renders. DESCRIBED: gates the fetch at page.tsx:247; store_portfolio holds 0 rows in production despite a complete merchant UI
healthcare,courses,no,no,0,no,yes,no,,Not in this sector's bundle (sectors.ts:224); nothing renders. DESCRIBED: gates the fetch at page.tsx:257
healthcare,team,no,yes,2,sector-only,yes,no,,In sector default bundle at sectors.ts:224; merchant may switch it off at /merchant/[id]/modules. DESCRIBED: gated by sectorHasTeam (sectors.ts:438) which reads the SECTOR default and ignores the store_modules override - a bug
healthcare,reviews,no,yes,7,ungated,no,no,,In sector default bundle at sectors.ts:224; merchant may switch it off at /merchant/[id]/modules. DESCRIBED: StoreReviews renders on store.isReal alone (page.tsx:714); the module flag is never read; 5 rows across 11 stores
healthcare,verifications,no,yes,5,yes,yes,yes,,In sector default bundle at sectors.ts:224; merchant may switch it off at /merchant/[id]/modules. DESCRIBED: gates StoreVerifications at page.tsx:706; the only module with an admin review queue
healthcare,location,no,yes,8,yes,yes,no,,In sector default bundle at sectors.ts:224; merchant may switch it off at /merchant/[id]/modules. DESCRIBED: gates the map at page.tsx:584; only 3 of 11 active stores carry coordinates
healthcare,marketing,no,no,0,no,yes,no,,Not in this sector's bundle (sectors.ts:224); nothing renders. DESCRIBED: zero readers; no public offers surface exists
healthcare,messaging,no,yes,0,ungated,yes,no,,In sector default bundle at sectors.ts:224; merchant may switch it off at /merchant/[id]/modules. DESCRIBED: MessageStoreButton renders on store.isReal (store-header.tsx:181); module flag never read
healthcare,media,no,yes,0,no,partial,no,,In sector default bundle at sectors.ts:224; merchant may switch it off at /merchant/[id]/modules. DESCRIBED: zero readers anywhere in src/; no store-level gallery table exists
realEstate,catalog,no,no,0,no,yes,no,,Not in this sector's bundle (sectors.ts:237); nothing renders. DESCRIBED: declared at modules-catalog.ts:60 but zero readers in src/; the product grid renders regardless
realEstate,menu,no,no,0,no,yes,no,,Not in this sector's bundle (sectors.ts:237); nothing renders. DESCRIBED: zero readers; the menu heading comes from a slug switch at page.tsx:499-504 not from this module
realEstate,orders,no,no,0,no,yes,no,,Not in this sector's bundle (sectors.ts:237); nothing renders. DESCRIBED: cart comes from experience.canOrderProducts which store-experience.ts:183 sets to a flat true; module flag never read
realEstate,inventory,no,no,0,no,yes,no,catalog,Not in this sector's bundle (sectors.ts:237); nothing renders. DESCRIBED: no public surface; merchant route /merchant/[id]/inventory exists
realEstate,delivery,no,no,0,no,yes,no,orders,Not in this sector's bundle (sectors.ts:237); nothing renders. DESCRIBED: store-delivery-options renders on couriers rows (page.tsx:580) and zones fetch at page.tsx:398 with no module check
realEstate,pos,no,no,0,no,yes,no,catalog,Not in this sector's bundle (sectors.ts:237); nothing renders. DESCRIBED: in-store only; correctly has no public surface
realEstate,appointments,no,yes,5,yes,yes,no,,In sector default bundle at sectors.ts:237; merchant may switch it off at /merchant/[id]/modules. DESCRIBED: read by store-experience.ts:117 to pick the appointment surface
realEstate,timeslot,no,no,0,no,yes,no,,Not in this sector's bundle (sectors.ts:237); nothing renders. DESCRIBED: gates the store_resources fetch at page.tsx:216
realEstate,classes,no,no,0,no,yes,no,,Not in this sector's bundle (sectors.ts:237); nothing renders. DESCRIBED: gates the store_classes fetch at page.tsx:236; store_classes holds 1 row in production
realEstate,reservations,no,no,0,no,partial,no,,Not in this sector's bundle (sectors.ts:237); nothing renders. DESCRIBED: gates ReservationForm at page.tsx:661; no table/party-size model behind it
realEstate,memberships,no,no,0,no,yes,no,,Not in this sector's bundle (sectors.ts:237); nothing renders. DESCRIBED: gates the plans fetch at page.tsx:226; store_memberships holds 0 rows in production
realEstate,rentals,no,no,0,no,no,no,timeslot,Not in this sector's bundle (sectors.ts:237); nothing renders. DESCRIBED: zero readers anywhere in src/; pulls timeslot in via withDependencies
realEstate,requests,no,no,0,no,yes,no,,Not in this sector's bundle (sectors.ts:237); nothing renders. DESCRIBED: read by store-experience.ts:118 to show the service-request form
realEstate,listings,yes,no,2,no,partial,no,,Primary engine for this sector. In bundle at sectors.ts:237. DESCRIBED: zero readers; listings render through the generic catalog surface
realEstate,portfolio,no,no,0,no,yes,no,,Not in this sector's bundle (sectors.ts:237); nothing renders. DESCRIBED: gates the fetch at page.tsx:247; store_portfolio holds 0 rows in production despite a complete merchant UI
realEstate,courses,no,no,0,no,yes,no,,Not in this sector's bundle (sectors.ts:237); nothing renders. DESCRIBED: gates the fetch at page.tsx:257
realEstate,team,no,yes,6,sector-only,yes,no,,RECOMMENDED ADD: agents have no home on the profile today. Not in the bundle at sectors.ts:237 today. DESCRIBED: gated by sectorHasTeam (sectors.ts:438) which reads the SECTOR default and ignores the store_modules override - a bug
realEstate,reviews,no,yes,7,ungated,no,no,,In sector default bundle at sectors.ts:237; merchant may switch it off at /merchant/[id]/modules. DESCRIBED: StoreReviews renders on store.isReal alone (page.tsx:714); the module flag is never read; 5 rows across 11 stores
realEstate,verifications,no,no,0,no,yes,yes,,Not in this sector's bundle (sectors.ts:237); nothing renders. DESCRIBED: gates StoreVerifications at page.tsx:706; the only module with an admin review queue
realEstate,location,no,yes,3,yes,yes,no,,In sector default bundle at sectors.ts:237; merchant may switch it off at /merchant/[id]/modules. DESCRIBED: gates the map at page.tsx:584; only 3 of 11 active stores carry coordinates
realEstate,marketing,no,no,0,no,yes,no,,Not in this sector's bundle (sectors.ts:237); nothing renders. DESCRIBED: zero readers; no public offers surface exists
realEstate,messaging,no,yes,0,ungated,yes,no,,In sector default bundle at sectors.ts:237; merchant may switch it off at /merchant/[id]/modules. DESCRIBED: MessageStoreButton renders on store.isReal (store-header.tsx:181); module flag never read
realEstate,media,no,yes,4,no,partial,no,,In sector default bundle at sectors.ts:237; merchant may switch it off at /merchant/[id]/modules. DESCRIBED: zero readers anywhere in src/; no store-level gallery table exists
automotive,catalog,no,no,0,no,yes,no,,Not in this sector's bundle (sectors.ts:250); nothing renders. DESCRIBED: declared at modules-catalog.ts:60 but zero readers in src/; the product grid renders regardless
automotive,menu,no,no,0,no,yes,no,,Not in this sector's bundle (sectors.ts:250); nothing renders. DESCRIBED: zero readers; the menu heading comes from a slug switch at page.tsx:499-504 not from this module
automotive,orders,no,no,0,no,yes,no,,Not in this sector's bundle (sectors.ts:250); nothing renders. DESCRIBED: cart comes from experience.canOrderProducts which store-experience.ts:183 sets to a flat true; module flag never read
automotive,inventory,no,no,0,no,yes,no,catalog,Not in this sector's bundle (sectors.ts:250); nothing renders. DESCRIBED: no public surface; merchant route /merchant/[id]/inventory exists
automotive,delivery,no,no,0,no,yes,no,orders,Not in this sector's bundle (sectors.ts:250); nothing renders. DESCRIBED: store-delivery-options renders on couriers rows (page.tsx:580) and zones fetch at page.tsx:398 with no module check
automotive,pos,no,no,0,no,yes,no,catalog,Not in this sector's bundle (sectors.ts:250); nothing renders. DESCRIBED: in-store only; correctly has no public surface
automotive,appointments,no,no,0,no,yes,no,,Not in this sector's bundle (sectors.ts:250); nothing renders. DESCRIBED: read by store-experience.ts:117 to pick the appointment surface
automotive,timeslot,dependency,no,4,yes,yes,no,,NOT declared at sectors.ts:250 but pulled into the resolved set by withDependencies via . DESCRIBED: gates the store_resources fetch at page.tsx:216
automotive,classes,no,no,0,no,yes,no,,Not in this sector's bundle (sectors.ts:250); nothing renders. DESCRIBED: gates the store_classes fetch at page.tsx:236; store_classes holds 1 row in production
automotive,reservations,no,no,0,no,partial,no,,Not in this sector's bundle (sectors.ts:250); nothing renders. DESCRIBED: gates ReservationForm at page.tsx:661; no table/party-size model behind it
automotive,memberships,no,no,0,no,yes,no,,Not in this sector's bundle (sectors.ts:250); nothing renders. DESCRIBED: gates the plans fetch at page.tsx:226; store_memberships holds 0 rows in production
automotive,rentals,no,yes,4,no,no,no,timeslot,In sector default bundle at sectors.ts:250; merchant may switch it off at /merchant/[id]/modules. DESCRIBED: zero readers anywhere in src/; pulls timeslot in via withDependencies
automotive,requests,no,yes,4,yes,yes,no,,In sector default bundle at sectors.ts:250; merchant may switch it off at /merchant/[id]/modules. DESCRIBED: read by store-experience.ts:118 to show the service-request form
automotive,listings,yes,no,2,no,partial,no,,Primary engine for this sector. In bundle at sectors.ts:250. DESCRIBED: zero readers; listings render through the generic catalog surface
automotive,portfolio,no,no,0,no,yes,no,,Not in this sector's bundle (sectors.ts:250); nothing renders. DESCRIBED: gates the fetch at page.tsx:247; store_portfolio holds 0 rows in production despite a complete merchant UI
automotive,courses,no,no,0,no,yes,no,,Not in this sector's bundle (sectors.ts:250); nothing renders. DESCRIBED: gates the fetch at page.tsx:257
automotive,team,no,no,0,no,yes,no,,Not in this sector's bundle (sectors.ts:250); nothing renders. DESCRIBED: gated by sectorHasTeam (sectors.ts:438) which reads the SECTOR default and ignores the store_modules override - a bug
automotive,reviews,no,yes,6,ungated,no,no,,In sector default bundle at sectors.ts:250; merchant may switch it off at /merchant/[id]/modules. DESCRIBED: StoreReviews renders on store.isReal alone (page.tsx:714); the module flag is never read; 5 rows across 11 stores
automotive,verifications,no,no,0,no,yes,yes,,Not in this sector's bundle (sectors.ts:250); nothing renders. DESCRIBED: gates StoreVerifications at page.tsx:706; the only module with an admin review queue
automotive,location,no,yes,7,yes,yes,no,,In sector default bundle at sectors.ts:250; merchant may switch it off at /merchant/[id]/modules. DESCRIBED: gates the map at page.tsx:584; only 3 of 11 active stores carry coordinates
automotive,marketing,no,no,0,no,yes,no,,Not in this sector's bundle (sectors.ts:250); nothing renders. DESCRIBED: zero readers; no public offers surface exists
automotive,messaging,no,yes,0,ungated,yes,no,,In sector default bundle at sectors.ts:250; merchant may switch it off at /merchant/[id]/modules. DESCRIBED: MessageStoreButton renders on store.isReal (store-header.tsx:181); module flag never read
automotive,media,no,yes,3,no,partial,no,,In sector default bundle at sectors.ts:250; merchant may switch it off at /merchant/[id]/modules. DESCRIBED: zero readers anywhere in src/; no store-level gallery table exists
beauty,catalog,no,yes,0,no,yes,no,,In sector default bundle at sectors.ts:266; merchant may switch it off at /merchant/[id]/modules. DESCRIBED: declared at modules-catalog.ts:60 but zero readers in src/; the product grid renders regardless
beauty,menu,no,no,0,no,yes,no,,Not in this sector's bundle (sectors.ts:266); nothing renders. DESCRIBED: zero readers; the menu heading comes from a slug switch at page.tsx:499-504 not from this module
beauty,orders,no,no,0,no,yes,no,,Not in this sector's bundle (sectors.ts:266); nothing renders. DESCRIBED: cart comes from experience.canOrderProducts which store-experience.ts:183 sets to a flat true; module flag never read
beauty,inventory,no,no,0,no,yes,no,catalog,Not in this sector's bundle (sectors.ts:266); nothing renders. DESCRIBED: no public surface; merchant route /merchant/[id]/inventory exists
beauty,delivery,no,no,0,no,yes,no,orders,Not in this sector's bundle (sectors.ts:266); nothing renders. DESCRIBED: store-delivery-options renders on couriers rows (page.tsx:580) and zones fetch at page.tsx:398 with no module check
beauty,pos,no,no,0,no,yes,no,catalog,Not in this sector's bundle (sectors.ts:266); nothing renders. DESCRIBED: in-store only; correctly has no public surface
beauty,appointments,yes,no,5,yes,yes,no,,Primary engine for this sector. In bundle at sectors.ts:266. DESCRIBED: read by store-experience.ts:117 to pick the appointment surface
beauty,timeslot,no,no,0,no,yes,no,,Not in this sector's bundle (sectors.ts:266); nothing renders. DESCRIBED: gates the store_resources fetch at page.tsx:216
beauty,classes,no,no,0,no,yes,no,,Not in this sector's bundle (sectors.ts:266); nothing renders. DESCRIBED: gates the store_classes fetch at page.tsx:236; store_classes holds 1 row in production
beauty,reservations,no,no,0,no,partial,no,,Not in this sector's bundle (sectors.ts:266); nothing renders. DESCRIBED: gates ReservationForm at page.tsx:661; no table/party-size model behind it
beauty,memberships,no,no,0,no,yes,no,,Not in this sector's bundle (sectors.ts:266); nothing renders. DESCRIBED: gates the plans fetch at page.tsx:226; store_memberships holds 0 rows in production
beauty,rentals,no,no,0,no,no,no,timeslot,Not in this sector's bundle (sectors.ts:266); nothing renders. DESCRIBED: zero readers anywhere in src/; pulls timeslot in via withDependencies
beauty,requests,no,no,0,no,yes,no,,Not in this sector's bundle (sectors.ts:266); nothing renders. DESCRIBED: read by store-experience.ts:118 to show the service-request form
beauty,listings,no,no,0,no,partial,no,,Not in this sector's bundle (sectors.ts:266); nothing renders. DESCRIBED: zero readers; listings render through the generic catalog surface
beauty,portfolio,no,no,0,no,yes,no,,Not in this sector's bundle (sectors.ts:266); nothing renders. DESCRIBED: gates the fetch at page.tsx:247; store_portfolio holds 0 rows in production despite a complete merchant UI
beauty,courses,no,no,0,no,yes,no,,Not in this sector's bundle (sectors.ts:266); nothing renders. DESCRIBED: gates the fetch at page.tsx:257
beauty,team,no,yes,2,sector-only,yes,no,,In sector default bundle at sectors.ts:266; merchant may switch it off at /merchant/[id]/modules. DESCRIBED: gated by sectorHasTeam (sectors.ts:438) which reads the SECTOR default and ignores the store_modules override - a bug
beauty,reviews,no,yes,6,ungated,no,no,,In sector default bundle at sectors.ts:266; merchant may switch it off at /merchant/[id]/modules. DESCRIBED: StoreReviews renders on store.isReal alone (page.tsx:714); the module flag is never read; 5 rows across 11 stores
beauty,verifications,no,no,0,no,yes,yes,,Not in this sector's bundle (sectors.ts:266); nothing renders. DESCRIBED: gates StoreVerifications at page.tsx:706; the only module with an admin review queue
beauty,location,no,yes,7,yes,yes,no,,In sector default bundle at sectors.ts:266; merchant may switch it off at /merchant/[id]/modules. DESCRIBED: gates the map at page.tsx:584; only 3 of 11 active stores carry coordinates
beauty,marketing,no,no,0,no,yes,no,,Not in this sector's bundle (sectors.ts:266); nothing renders. DESCRIBED: zero readers; no public offers surface exists
beauty,messaging,no,yes,0,ungated,yes,no,,In sector default bundle at sectors.ts:266; merchant may switch it off at /merchant/[id]/modules. DESCRIBED: MessageStoreButton renders on store.isReal (store-header.tsx:181); module flag never read
beauty,media,no,yes,3,no,partial,no,,In sector default bundle at sectors.ts:266; merchant may switch it off at /merchant/[id]/modules. DESCRIBED: zero readers anywhere in src/; no store-level gallery table exists
fitness,catalog,no,no,0,no,yes,no,,Not in this sector's bundle (sectors.ts:279); nothing renders. DESCRIBED: declared at modules-catalog.ts:60 but zero readers in src/; the product grid renders regardless
fitness,menu,no,no,0,no,yes,no,,Not in this sector's bundle (sectors.ts:279); nothing renders. DESCRIBED: zero readers; the menu heading comes from a slug switch at page.tsx:499-504 not from this module
fitness,orders,no,no,0,no,yes,no,,Not in this sector's bundle (sectors.ts:279); nothing renders. DESCRIBED: cart comes from experience.canOrderProducts which store-experience.ts:183 sets to a flat true; module flag never read
fitness,inventory,no,no,0,no,yes,no,catalog,Not in this sector's bundle (sectors.ts:279); nothing renders. DESCRIBED: no public surface; merchant route /merchant/[id]/inventory exists
fitness,delivery,no,no,0,no,yes,no,orders,Not in this sector's bundle (sectors.ts:279); nothing renders. DESCRIBED: store-delivery-options renders on couriers rows (page.tsx:580) and zones fetch at page.tsx:398 with no module check
fitness,pos,no,no,0,no,yes,no,catalog,Not in this sector's bundle (sectors.ts:279); nothing renders. DESCRIBED: in-store only; correctly has no public surface
fitness,appointments,no,no,0,no,yes,no,,Not in this sector's bundle (sectors.ts:279); nothing renders. DESCRIBED: read by store-experience.ts:117 to pick the appointment surface
fitness,timeslot,no,no,0,no,yes,no,,Not in this sector's bundle (sectors.ts:279); nothing renders. DESCRIBED: gates the store_resources fetch at page.tsx:216
fitness,classes,no,yes,3,yes,yes,no,,In sector default bundle at sectors.ts:279; merchant may switch it off at /merchant/[id]/modules. DESCRIBED: gates the store_classes fetch at page.tsx:236; store_classes holds 1 row in production
fitness,reservations,no,no,0,no,partial,no,,Not in this sector's bundle (sectors.ts:279); nothing renders. DESCRIBED: gates ReservationForm at page.tsx:661; no table/party-size model behind it
fitness,memberships,yes,no,2,yes,yes,no,,Primary engine for this sector. In bundle at sectors.ts:279. DESCRIBED: gates the plans fetch at page.tsx:226; store_memberships holds 0 rows in production
fitness,rentals,no,no,0,no,no,no,timeslot,Not in this sector's bundle (sectors.ts:279); nothing renders. DESCRIBED: zero readers anywhere in src/; pulls timeslot in via withDependencies
fitness,requests,no,no,0,no,yes,no,,Not in this sector's bundle (sectors.ts:279); nothing renders. DESCRIBED: read by store-experience.ts:118 to show the service-request form
fitness,listings,no,no,0,no,partial,no,,Not in this sector's bundle (sectors.ts:279); nothing renders. DESCRIBED: zero readers; listings render through the generic catalog surface
fitness,portfolio,no,no,0,no,yes,no,,Not in this sector's bundle (sectors.ts:279); nothing renders. DESCRIBED: gates the fetch at page.tsx:247; store_portfolio holds 0 rows in production despite a complete merchant UI
fitness,courses,no,no,0,no,yes,no,,Not in this sector's bundle (sectors.ts:279); nothing renders. DESCRIBED: gates the fetch at page.tsx:257
fitness,team,no,yes,4,sector-only,yes,no,,In sector default bundle at sectors.ts:279; merchant may switch it off at /merchant/[id]/modules. DESCRIBED: gated by sectorHasTeam (sectors.ts:438) which reads the SECTOR default and ignores the store_modules override - a bug
fitness,reviews,no,yes,7,ungated,no,no,,In sector default bundle at sectors.ts:279; merchant may switch it off at /merchant/[id]/modules. DESCRIBED: StoreReviews renders on store.isReal alone (page.tsx:714); the module flag is never read; 5 rows across 11 stores
fitness,verifications,no,no,0,no,yes,yes,,Not in this sector's bundle (sectors.ts:279); nothing renders. DESCRIBED: gates StoreVerifications at page.tsx:706; the only module with an admin review queue
fitness,location,no,yes,8,yes,yes,no,,In sector default bundle at sectors.ts:279; merchant may switch it off at /merchant/[id]/modules. DESCRIBED: gates the map at page.tsx:584; only 3 of 11 active stores carry coordinates
fitness,marketing,no,no,0,no,yes,no,,Not in this sector's bundle (sectors.ts:279); nothing renders. DESCRIBED: zero readers; no public offers surface exists
fitness,messaging,no,yes,0,ungated,yes,no,,In sector default bundle at sectors.ts:279; merchant may switch it off at /merchant/[id]/modules. DESCRIBED: MessageStoreButton renders on store.isReal (store-header.tsx:181); module flag never read
fitness,media,no,yes,5,no,partial,no,,In sector default bundle at sectors.ts:279; merchant may switch it off at /merchant/[id]/modules. DESCRIBED: zero readers anywhere in src/; no store-level gallery table exists
sportsCourts,catalog,no,no,0,no,yes,no,,Not in this sector's bundle (sectors.ts:292); nothing renders. DESCRIBED: declared at modules-catalog.ts:60 but zero readers in src/; the product grid renders regardless
sportsCourts,menu,no,no,0,no,yes,no,,Not in this sector's bundle (sectors.ts:292); nothing renders. DESCRIBED: zero readers; the menu heading comes from a slug switch at page.tsx:499-504 not from this module
sportsCourts,orders,no,no,0,no,yes,no,,Not in this sector's bundle (sectors.ts:292); nothing renders. DESCRIBED: cart comes from experience.canOrderProducts which store-experience.ts:183 sets to a flat true; module flag never read
sportsCourts,inventory,no,no,0,no,yes,no,catalog,Not in this sector's bundle (sectors.ts:292); nothing renders. DESCRIBED: no public surface; merchant route /merchant/[id]/inventory exists
sportsCourts,delivery,no,no,0,no,yes,no,orders,Not in this sector's bundle (sectors.ts:292); nothing renders. DESCRIBED: store-delivery-options renders on couriers rows (page.tsx:580) and zones fetch at page.tsx:398 with no module check
sportsCourts,pos,no,no,0,no,yes,no,catalog,Not in this sector's bundle (sectors.ts:292); nothing renders. DESCRIBED: in-store only; correctly has no public surface
sportsCourts,appointments,no,no,0,no,yes,no,,Not in this sector's bundle (sectors.ts:292); nothing renders. DESCRIBED: read by store-experience.ts:117 to pick the appointment surface
sportsCourts,timeslot,yes,no,2,yes,yes,no,,Primary engine for this sector. In bundle at sectors.ts:292. DESCRIBED: gates the store_resources fetch at page.tsx:216
sportsCourts,classes,no,no,0,no,yes,no,,Not in this sector's bundle (sectors.ts:292); nothing renders. DESCRIBED: gates the store_classes fetch at page.tsx:236; store_classes holds 1 row in production
sportsCourts,reservations,no,no,0,no,partial,no,,Not in this sector's bundle (sectors.ts:292); nothing renders. DESCRIBED: gates ReservationForm at page.tsx:661; no table/party-size model behind it
sportsCourts,memberships,no,yes,4,yes,yes,no,,In sector default bundle at sectors.ts:292; merchant may switch it off at /merchant/[id]/modules. DESCRIBED: gates the plans fetch at page.tsx:226; store_memberships holds 0 rows in production
sportsCourts,rentals,no,no,0,no,no,no,timeslot,Not in this sector's bundle (sectors.ts:292); nothing renders. DESCRIBED: zero readers anywhere in src/; pulls timeslot in via withDependencies
sportsCourts,requests,no,no,0,no,yes,no,,Not in this sector's bundle (sectors.ts:292); nothing renders. DESCRIBED: read by store-experience.ts:118 to show the service-request form
sportsCourts,listings,no,no,0,no,partial,no,,Not in this sector's bundle (sectors.ts:292); nothing renders. DESCRIBED: zero readers; listings render through the generic catalog surface
sportsCourts,portfolio,no,no,0,no,yes,no,,Not in this sector's bundle (sectors.ts:292); nothing renders. DESCRIBED: gates the fetch at page.tsx:247; store_portfolio holds 0 rows in production despite a complete merchant UI
sportsCourts,courses,no,no,0,no,yes,no,,Not in this sector's bundle (sectors.ts:292); nothing renders. DESCRIBED: gates the fetch at page.tsx:257
sportsCourts,team,no,no,0,no,yes,no,,Not in this sector's bundle (sectors.ts:292); nothing renders. DESCRIBED: gated by sectorHasTeam (sectors.ts:438) which reads the SECTOR default and ignores the store_modules override - a bug
sportsCourts,reviews,no,yes,7,ungated,no,no,,In sector default bundle at sectors.ts:292; merchant may switch it off at /merchant/[id]/modules. DESCRIBED: StoreReviews renders on store.isReal alone (page.tsx:714); the module flag is never read; 5 rows across 11 stores
sportsCourts,verifications,no,no,0,no,yes,yes,,Not in this sector's bundle (sectors.ts:292); nothing renders. DESCRIBED: gates StoreVerifications at page.tsx:706; the only module with an admin review queue
sportsCourts,location,no,yes,5,yes,yes,no,,In sector default bundle at sectors.ts:292; merchant may switch it off at /merchant/[id]/modules. DESCRIBED: gates the map at page.tsx:584; only 3 of 11 active stores carry coordinates
sportsCourts,marketing,no,no,0,no,yes,no,,Not in this sector's bundle (sectors.ts:292); nothing renders. DESCRIBED: zero readers; no public offers surface exists
sportsCourts,messaging,no,yes,0,ungated,yes,no,,In sector default bundle at sectors.ts:292; merchant may switch it off at /merchant/[id]/modules. DESCRIBED: MessageStoreButton renders on store.isReal (store-header.tsx:181); module flag never read
sportsCourts,media,no,yes,3,no,partial,no,,In sector default bundle at sectors.ts:292; merchant may switch it off at /merchant/[id]/modules. DESCRIBED: zero readers anywhere in src/; no store-level gallery table exists
education,catalog,no,no,0,no,yes,no,,Not in this sector's bundle (sectors.ts:305); nothing renders. DESCRIBED: declared at modules-catalog.ts:60 but zero readers in src/; the product grid renders regardless
education,menu,no,no,0,no,yes,no,,Not in this sector's bundle (sectors.ts:305); nothing renders. DESCRIBED: zero readers; the menu heading comes from a slug switch at page.tsx:499-504 not from this module
education,orders,no,no,0,no,yes,no,,Not in this sector's bundle (sectors.ts:305); nothing renders. DESCRIBED: cart comes from experience.canOrderProducts which store-experience.ts:183 sets to a flat true; module flag never read
education,inventory,no,no,0,no,yes,no,catalog,Not in this sector's bundle (sectors.ts:305); nothing renders. DESCRIBED: no public surface; merchant route /merchant/[id]/inventory exists
education,delivery,no,no,0,no,yes,no,orders,Not in this sector's bundle (sectors.ts:305); nothing renders. DESCRIBED: store-delivery-options renders on couriers rows (page.tsx:580) and zones fetch at page.tsx:398 with no module check
education,pos,no,no,0,no,yes,no,catalog,Not in this sector's bundle (sectors.ts:305); nothing renders. DESCRIBED: in-store only; correctly has no public surface
education,appointments,no,no,0,no,yes,no,,Not in this sector's bundle (sectors.ts:305); nothing renders. DESCRIBED: read by store-experience.ts:117 to pick the appointment surface
education,timeslot,no,no,0,no,yes,no,,Not in this sector's bundle (sectors.ts:305); nothing renders. DESCRIBED: gates the store_resources fetch at page.tsx:216
education,classes,no,no,0,no,yes,no,,Not in this sector's bundle (sectors.ts:305); nothing renders. DESCRIBED: gates the store_classes fetch at page.tsx:236; store_classes holds 1 row in production
education,reservations,no,no,0,no,partial,no,,Not in this sector's bundle (sectors.ts:305); nothing renders. DESCRIBED: gates ReservationForm at page.tsx:661; no table/party-size model behind it
education,memberships,no,yes,5,yes,yes,no,,In sector default bundle at sectors.ts:305; merchant may switch it off at /merchant/[id]/modules. DESCRIBED: gates the plans fetch at page.tsx:226; store_memberships holds 0 rows in production
education,rentals,no,no,0,no,no,no,timeslot,Not in this sector's bundle (sectors.ts:305); nothing renders. DESCRIBED: zero readers anywhere in src/; pulls timeslot in via withDependencies
education,requests,no,no,0,no,yes,no,,Not in this sector's bundle (sectors.ts:305); nothing renders. DESCRIBED: read by store-experience.ts:118 to show the service-request form
education,listings,no,no,0,no,partial,no,,Not in this sector's bundle (sectors.ts:305); nothing renders. DESCRIBED: zero readers; listings render through the generic catalog surface
education,portfolio,no,no,0,no,yes,no,,Not in this sector's bundle (sectors.ts:305); nothing renders. DESCRIBED: gates the fetch at page.tsx:247; store_portfolio holds 0 rows in production despite a complete merchant UI
education,courses,yes,no,2,yes,yes,no,,Primary engine for this sector. In bundle at sectors.ts:305. DESCRIBED: gates the fetch at page.tsx:257
education,team,no,yes,3,sector-only,yes,no,,In sector default bundle at sectors.ts:305; merchant may switch it off at /merchant/[id]/modules. DESCRIBED: gated by sectorHasTeam (sectors.ts:438) which reads the SECTOR default and ignores the store_modules override - a bug
education,reviews,no,yes,7,ungated,no,no,,In sector default bundle at sectors.ts:305; merchant may switch it off at /merchant/[id]/modules. DESCRIBED: StoreReviews renders on store.isReal alone (page.tsx:714); the module flag is never read; 5 rows across 11 stores
education,verifications,no,yes,4,yes,yes,yes,,In sector default bundle at sectors.ts:305; merchant may switch it off at /merchant/[id]/modules. DESCRIBED: gates StoreVerifications at page.tsx:706; the only module with an admin review queue
education,location,no,yes,8,yes,yes,no,,RECOMMENDED ADD: a school renders no map today because location is absent from the bundle. Not in the bundle at sectors.ts:305 today. DESCRIBED: gates the map at page.tsx:584; only 3 of 11 active stores carry coordinates
education,marketing,no,no,0,no,yes,no,,Not in this sector's bundle (sectors.ts:305); nothing renders. DESCRIBED: zero readers; no public offers surface exists
education,messaging,no,yes,0,ungated,yes,no,,In sector default bundle at sectors.ts:305; merchant may switch it off at /merchant/[id]/modules. DESCRIBED: MessageStoreButton renders on store.isReal (store-header.tsx:181); module flag never read
education,media,no,yes,0,no,partial,no,,In sector default bundle at sectors.ts:305; merchant may switch it off at /merchant/[id]/modules. DESCRIBED: zero readers anywhere in src/; no store-level gallery table exists
events,catalog,no,yes,4,no,yes,no,,In sector default bundle at sectors.ts:318; merchant may switch it off at /merchant/[id]/modules. DESCRIBED: declared at modules-catalog.ts:60 but zero readers in src/; the product grid renders regardless
events,menu,no,no,0,no,yes,no,,Not in this sector's bundle (sectors.ts:318); nothing renders. DESCRIBED: zero readers; the menu heading comes from a slug switch at page.tsx:499-504 not from this module
events,orders,no,no,0,no,yes,no,,Not in this sector's bundle (sectors.ts:318); nothing renders. DESCRIBED: cart comes from experience.canOrderProducts which store-experience.ts:183 sets to a flat true; module flag never read
events,inventory,no,no,0,no,yes,no,catalog,Not in this sector's bundle (sectors.ts:318); nothing renders. DESCRIBED: no public surface; merchant route /merchant/[id]/inventory exists
events,delivery,no,no,0,no,yes,no,orders,Not in this sector's bundle (sectors.ts:318); nothing renders. DESCRIBED: store-delivery-options renders on couriers rows (page.tsx:580) and zones fetch at page.tsx:398 with no module check
events,pos,no,no,0,no,yes,no,catalog,Not in this sector's bundle (sectors.ts:318); nothing renders. DESCRIBED: in-store only; correctly has no public surface
events,appointments,no,no,0,no,yes,no,,Not in this sector's bundle (sectors.ts:318); nothing renders. DESCRIBED: read by store-experience.ts:117 to pick the appointment surface
events,timeslot,yes,no,3,yes,yes,no,,Primary engine for this sector. In bundle at sectors.ts:318. DESCRIBED: gates the store_resources fetch at page.tsx:216
events,classes,no,no,0,no,yes,no,,Not in this sector's bundle (sectors.ts:318); nothing renders. DESCRIBED: gates the store_classes fetch at page.tsx:236; store_classes holds 1 row in production
events,reservations,no,no,0,no,partial,no,,Not in this sector's bundle (sectors.ts:318); nothing renders. DESCRIBED: gates ReservationForm at page.tsx:661; no table/party-size model behind it
events,memberships,no,no,0,no,yes,no,,Not in this sector's bundle (sectors.ts:318); nothing renders. DESCRIBED: gates the plans fetch at page.tsx:226; store_memberships holds 0 rows in production
events,rentals,no,no,0,no,no,no,timeslot,Not in this sector's bundle (sectors.ts:318); nothing renders. DESCRIBED: zero readers anywhere in src/; pulls timeslot in via withDependencies
events,requests,no,no,0,no,yes,no,,Not in this sector's bundle (sectors.ts:318); nothing renders. DESCRIBED: read by store-experience.ts:118 to show the service-request form
events,listings,no,no,0,no,partial,no,,Not in this sector's bundle (sectors.ts:318); nothing renders. DESCRIBED: zero readers; listings render through the generic catalog surface
events,portfolio,no,no,0,no,yes,no,,Not in this sector's bundle (sectors.ts:318); nothing renders. DESCRIBED: gates the fetch at page.tsx:247; store_portfolio holds 0 rows in production despite a complete merchant UI
events,courses,no,no,0,no,yes,no,,Not in this sector's bundle (sectors.ts:318); nothing renders. DESCRIBED: gates the fetch at page.tsx:257
events,team,no,no,0,no,yes,no,,Not in this sector's bundle (sectors.ts:318); nothing renders. DESCRIBED: gated by sectorHasTeam (sectors.ts:438) which reads the SECTOR default and ignores the store_modules override - a bug
events,reviews,no,yes,7,ungated,no,no,,In sector default bundle at sectors.ts:318; merchant may switch it off at /merchant/[id]/modules. DESCRIBED: StoreReviews renders on store.isReal alone (page.tsx:714); the module flag is never read; 5 rows across 11 stores
events,verifications,no,no,0,no,yes,yes,,Not in this sector's bundle (sectors.ts:318); nothing renders. DESCRIBED: gates StoreVerifications at page.tsx:706; the only module with an admin review queue
events,location,no,yes,6,yes,yes,no,,In sector default bundle at sectors.ts:318; merchant may switch it off at /merchant/[id]/modules. DESCRIBED: gates the map at page.tsx:584; only 3 of 11 active stores carry coordinates
events,marketing,no,no,0,no,yes,no,,Not in this sector's bundle (sectors.ts:318); nothing renders. DESCRIBED: zero readers; no public offers surface exists
events,messaging,no,yes,0,ungated,yes,no,,In sector default bundle at sectors.ts:318; merchant may switch it off at /merchant/[id]/modules. DESCRIBED: MessageStoreButton renders on store.isReal (store-header.tsx:181); module flag never read
events,media,no,yes,2,no,partial,no,,In sector default bundle at sectors.ts:318; merchant may switch it off at /merchant/[id]/modules. DESCRIBED: zero readers anywhere in src/; no store-level gallery table exists
hospitality,catalog,no,yes,4,no,yes,no,,In sector default bundle at sectors.ts:331; merchant may switch it off at /merchant/[id]/modules. DESCRIBED: declared at modules-catalog.ts:60 but zero readers in src/; the product grid renders regardless
hospitality,menu,no,no,0,no,yes,no,,Not in this sector's bundle (sectors.ts:331); nothing renders. DESCRIBED: zero readers; the menu heading comes from a slug switch at page.tsx:499-504 not from this module
hospitality,orders,no,no,0,no,yes,no,,Not in this sector's bundle (sectors.ts:331); nothing renders. DESCRIBED: cart comes from experience.canOrderProducts which store-experience.ts:183 sets to a flat true; module flag never read
hospitality,inventory,no,no,0,no,yes,no,catalog,Not in this sector's bundle (sectors.ts:331); nothing renders. DESCRIBED: no public surface; merchant route /merchant/[id]/inventory exists
hospitality,delivery,no,no,0,no,yes,no,orders,Not in this sector's bundle (sectors.ts:331); nothing renders. DESCRIBED: store-delivery-options renders on couriers rows (page.tsx:580) and zones fetch at page.tsx:398 with no module check
hospitality,pos,no,no,0,no,yes,no,catalog,Not in this sector's bundle (sectors.ts:331); nothing renders. DESCRIBED: in-store only; correctly has no public surface
hospitality,appointments,no,no,0,no,yes,no,,Not in this sector's bundle (sectors.ts:331); nothing renders. DESCRIBED: read by store-experience.ts:117 to pick the appointment surface
hospitality,timeslot,yes,no,3,yes,yes,no,,Primary engine for this sector. In bundle at sectors.ts:331. DESCRIBED: gates the store_resources fetch at page.tsx:216
hospitality,classes,no,no,0,no,yes,no,,Not in this sector's bundle (sectors.ts:331); nothing renders. DESCRIBED: gates the store_classes fetch at page.tsx:236; store_classes holds 1 row in production
hospitality,reservations,no,no,0,no,partial,no,,Not in this sector's bundle (sectors.ts:331); nothing renders. DESCRIBED: gates ReservationForm at page.tsx:661; no table/party-size model behind it
hospitality,memberships,no,no,0,no,yes,no,,Not in this sector's bundle (sectors.ts:331); nothing renders. DESCRIBED: gates the plans fetch at page.tsx:226; store_memberships holds 0 rows in production
hospitality,rentals,no,yes,3,no,no,no,timeslot,In sector default bundle at sectors.ts:331; merchant may switch it off at /merchant/[id]/modules. DESCRIBED: zero readers anywhere in src/; pulls timeslot in via withDependencies
hospitality,requests,no,no,0,no,yes,no,,Not in this sector's bundle (sectors.ts:331); nothing renders. DESCRIBED: read by store-experience.ts:118 to show the service-request form
hospitality,listings,no,no,0,no,partial,no,,Not in this sector's bundle (sectors.ts:331); nothing renders. DESCRIBED: zero readers; listings render through the generic catalog surface
hospitality,portfolio,no,no,0,no,yes,no,,Not in this sector's bundle (sectors.ts:331); nothing renders. DESCRIBED: gates the fetch at page.tsx:247; store_portfolio holds 0 rows in production despite a complete merchant UI
hospitality,courses,no,no,0,no,yes,no,,Not in this sector's bundle (sectors.ts:331); nothing renders. DESCRIBED: gates the fetch at page.tsx:257
hospitality,team,no,no,0,no,yes,no,,Not in this sector's bundle (sectors.ts:331); nothing renders. DESCRIBED: gated by sectorHasTeam (sectors.ts:438) which reads the SECTOR default and ignores the store_modules override - a bug
hospitality,reviews,no,yes,7,ungated,no,no,,In sector default bundle at sectors.ts:331; merchant may switch it off at /merchant/[id]/modules. DESCRIBED: StoreReviews renders on store.isReal alone (page.tsx:714); the module flag is never read; 5 rows across 11 stores
hospitality,verifications,no,no,0,no,yes,yes,,Not in this sector's bundle (sectors.ts:331); nothing renders. DESCRIBED: gates StoreVerifications at page.tsx:706; the only module with an admin review queue
hospitality,location,no,yes,5,yes,yes,no,,In sector default bundle at sectors.ts:331; merchant may switch it off at /merchant/[id]/modules. DESCRIBED: gates the map at page.tsx:584; only 3 of 11 active stores carry coordinates
hospitality,marketing,no,no,0,no,yes,no,,Not in this sector's bundle (sectors.ts:331); nothing renders. DESCRIBED: zero readers; no public offers surface exists
hospitality,messaging,no,yes,0,ungated,yes,no,,In sector default bundle at sectors.ts:331; merchant may switch it off at /merchant/[id]/modules. DESCRIBED: MessageStoreButton renders on store.isReal (store-header.tsx:181); module flag never read
hospitality,media,no,yes,2,no,partial,no,,In sector default bundle at sectors.ts:331; merchant may switch it off at /merchant/[id]/modules. DESCRIBED: zero readers anywhere in src/; no store-level gallery table exists
pharmacy,catalog,yes,no,3,no,yes,no,,Primary engine for this sector. In bundle at sectors.ts:344. DESCRIBED: declared at modules-catalog.ts:60 but zero readers in src/; the product grid renders regardless
pharmacy,menu,no,no,0,no,yes,no,,Not in this sector's bundle (sectors.ts:344); nothing renders. DESCRIBED: zero readers; the menu heading comes from a slug switch at page.tsx:499-504 not from this module
pharmacy,orders,yes,no,3,ungated,yes,no,,Primary engine for this sector. In bundle at sectors.ts:344. DESCRIBED: cart comes from experience.canOrderProducts which store-experience.ts:183 sets to a flat true; module flag never read
pharmacy,inventory,no,no,0,no,yes,no,catalog,Not in this sector's bundle (sectors.ts:344); nothing renders. DESCRIBED: no public surface; merchant route /merchant/[id]/inventory exists
pharmacy,delivery,no,no,0,no,yes,no,orders,Not in this sector's bundle (sectors.ts:344); nothing renders. DESCRIBED: store-delivery-options renders on couriers rows (page.tsx:580) and zones fetch at page.tsx:398 with no module check
pharmacy,pos,no,no,0,no,yes,no,catalog,Not in this sector's bundle (sectors.ts:344); nothing renders. DESCRIBED: in-store only; correctly has no public surface
pharmacy,appointments,no,no,0,no,yes,no,,Not in this sector's bundle (sectors.ts:344); nothing renders. DESCRIBED: read by store-experience.ts:117 to pick the appointment surface
pharmacy,timeslot,no,no,0,no,yes,no,,Not in this sector's bundle (sectors.ts:344); nothing renders. DESCRIBED: gates the store_resources fetch at page.tsx:216
pharmacy,classes,no,no,0,no,yes,no,,Not in this sector's bundle (sectors.ts:344); nothing renders. DESCRIBED: gates the store_classes fetch at page.tsx:236; store_classes holds 1 row in production
pharmacy,reservations,no,no,0,no,partial,no,,Not in this sector's bundle (sectors.ts:344); nothing renders. DESCRIBED: gates ReservationForm at page.tsx:661; no table/party-size model behind it
pharmacy,memberships,no,no,0,no,yes,no,,Not in this sector's bundle (sectors.ts:344); nothing renders. DESCRIBED: gates the plans fetch at page.tsx:226; store_memberships holds 0 rows in production
pharmacy,rentals,no,no,0,no,no,no,timeslot,Not in this sector's bundle (sectors.ts:344); nothing renders. DESCRIBED: zero readers anywhere in src/; pulls timeslot in via withDependencies
pharmacy,requests,no,no,0,no,yes,no,,Not in this sector's bundle (sectors.ts:344); nothing renders. DESCRIBED: read by store-experience.ts:118 to show the service-request form
pharmacy,listings,no,no,0,no,partial,no,,Not in this sector's bundle (sectors.ts:344); nothing renders. DESCRIBED: zero readers; listings render through the generic catalog surface
pharmacy,portfolio,no,no,0,no,yes,no,,Not in this sector's bundle (sectors.ts:344); nothing renders. DESCRIBED: gates the fetch at page.tsx:247; store_portfolio holds 0 rows in production despite a complete merchant UI
pharmacy,courses,no,no,0,no,yes,no,,Not in this sector's bundle (sectors.ts:344); nothing renders. DESCRIBED: gates the fetch at page.tsx:257
pharmacy,team,no,no,0,no,yes,no,,Not in this sector's bundle (sectors.ts:344); nothing renders. DESCRIBED: gated by sectorHasTeam (sectors.ts:438) which reads the SECTOR default and ignores the store_modules override - a bug
pharmacy,reviews,no,yes,7,ungated,no,no,,In sector default bundle at sectors.ts:344; merchant may switch it off at /merchant/[id]/modules. DESCRIBED: StoreReviews renders on store.isReal alone (page.tsx:714); the module flag is never read; 5 rows across 11 stores
pharmacy,verifications,no,yes,4,yes,yes,yes,,In sector default bundle at sectors.ts:344; merchant may switch it off at /merchant/[id]/modules. DESCRIBED: gates StoreVerifications at page.tsx:706; the only module with an admin review queue
pharmacy,location,no,yes,6,yes,yes,no,,In sector default bundle at sectors.ts:344; merchant may switch it off at /merchant/[id]/modules. DESCRIBED: gates the map at page.tsx:584; only 3 of 11 active stores carry coordinates
pharmacy,marketing,no,no,0,no,yes,no,,Not in this sector's bundle (sectors.ts:344); nothing renders. DESCRIBED: zero readers; no public offers surface exists
pharmacy,messaging,no,yes,0,ungated,yes,no,,In sector default bundle at sectors.ts:344; merchant may switch it off at /merchant/[id]/modules. DESCRIBED: MessageStoreButton renders on store.isReal (store-header.tsx:181); module flag never read
pharmacy,media,no,no,0,no,partial,no,,Not in this sector's bundle (sectors.ts:344); nothing renders. DESCRIBED: zero readers anywhere in src/; no store-level gallery table exists
petCare,catalog,no,yes,0,no,yes,no,,In sector default bundle at sectors.ts:357; merchant may switch it off at /merchant/[id]/modules. DESCRIBED: declared at modules-catalog.ts:60 but zero readers in src/; the product grid renders regardless
petCare,menu,no,no,0,no,yes,no,,Not in this sector's bundle (sectors.ts:357); nothing renders. DESCRIBED: zero readers; the menu heading comes from a slug switch at page.tsx:499-504 not from this module
petCare,orders,no,no,0,no,yes,no,,Not in this sector's bundle (sectors.ts:357); nothing renders. DESCRIBED: cart comes from experience.canOrderProducts which store-experience.ts:183 sets to a flat true; module flag never read
petCare,inventory,no,no,0,no,yes,no,catalog,Not in this sector's bundle (sectors.ts:357); nothing renders. DESCRIBED: no public surface; merchant route /merchant/[id]/inventory exists
petCare,delivery,no,no,0,no,yes,no,orders,Not in this sector's bundle (sectors.ts:357); nothing renders. DESCRIBED: store-delivery-options renders on couriers rows (page.tsx:580) and zones fetch at page.tsx:398 with no module check
petCare,pos,no,no,0,no,yes,no,catalog,Not in this sector's bundle (sectors.ts:357); nothing renders. DESCRIBED: in-store only; correctly has no public surface
petCare,appointments,yes,no,4,yes,yes,no,,Primary engine for this sector. In bundle at sectors.ts:357. DESCRIBED: read by store-experience.ts:117 to pick the appointment surface
petCare,timeslot,no,no,0,no,yes,no,,Not in this sector's bundle (sectors.ts:357); nothing renders. DESCRIBED: gates the store_resources fetch at page.tsx:216
petCare,classes,no,no,0,no,yes,no,,Not in this sector's bundle (sectors.ts:357); nothing renders. DESCRIBED: gates the store_classes fetch at page.tsx:236; store_classes holds 1 row in production
petCare,reservations,no,no,0,no,partial,no,,Not in this sector's bundle (sectors.ts:357); nothing renders. DESCRIBED: gates ReservationForm at page.tsx:661; no table/party-size model behind it
petCare,memberships,no,no,0,no,yes,no,,Not in this sector's bundle (sectors.ts:357); nothing renders. DESCRIBED: gates the plans fetch at page.tsx:226; store_memberships holds 0 rows in production
petCare,rentals,no,no,0,no,no,no,timeslot,Not in this sector's bundle (sectors.ts:357); nothing renders. DESCRIBED: zero readers anywhere in src/; pulls timeslot in via withDependencies
petCare,requests,no,no,0,no,yes,no,,Not in this sector's bundle (sectors.ts:357); nothing renders. DESCRIBED: read by store-experience.ts:118 to show the service-request form
petCare,listings,no,no,0,no,partial,no,,Not in this sector's bundle (sectors.ts:357); nothing renders. DESCRIBED: zero readers; listings render through the generic catalog surface
petCare,portfolio,no,no,0,no,yes,no,,Not in this sector's bundle (sectors.ts:357); nothing renders. DESCRIBED: gates the fetch at page.tsx:247; store_portfolio holds 0 rows in production despite a complete merchant UI
petCare,courses,no,no,0,no,yes,no,,Not in this sector's bundle (sectors.ts:357); nothing renders. DESCRIBED: gates the fetch at page.tsx:257
petCare,team,no,yes,2,sector-only,yes,no,,In sector default bundle at sectors.ts:357; merchant may switch it off at /merchant/[id]/modules. DESCRIBED: gated by sectorHasTeam (sectors.ts:438) which reads the SECTOR default and ignores the store_modules override - a bug
petCare,reviews,no,yes,6,ungated,no,no,,In sector default bundle at sectors.ts:357; merchant may switch it off at /merchant/[id]/modules. DESCRIBED: StoreReviews renders on store.isReal alone (page.tsx:714); the module flag is never read; 5 rows across 11 stores
petCare,verifications,no,no,0,no,yes,yes,,Not in this sector's bundle (sectors.ts:357); nothing renders. DESCRIBED: gates StoreVerifications at page.tsx:706; the only module with an admin review queue
petCare,location,no,yes,7,yes,yes,no,,In sector default bundle at sectors.ts:357; merchant may switch it off at /merchant/[id]/modules. DESCRIBED: gates the map at page.tsx:584; only 3 of 11 active stores carry coordinates
petCare,marketing,no,no,0,no,yes,no,,Not in this sector's bundle (sectors.ts:357); nothing renders. DESCRIBED: zero readers; no public offers surface exists
petCare,messaging,no,yes,0,ungated,yes,no,,In sector default bundle at sectors.ts:357; merchant may switch it off at /merchant/[id]/modules. DESCRIBED: MessageStoreButton renders on store.isReal (store-header.tsx:181); module flag never read
petCare,media,no,yes,5,no,partial,no,,In sector default bundle at sectors.ts:357; merchant may switch it off at /merchant/[id]/modules. DESCRIBED: zero readers anywhere in src/; no store-level gallery table exists
professional,catalog,no,no,0,no,yes,no,,Not in this sector's bundle (sectors.ts:370); nothing renders. DESCRIBED: declared at modules-catalog.ts:60 but zero readers in src/; the product grid renders regardless
professional,menu,no,no,0,no,yes,no,,Not in this sector's bundle (sectors.ts:370); nothing renders. DESCRIBED: zero readers; the menu heading comes from a slug switch at page.tsx:499-504 not from this module
professional,orders,no,no,0,no,yes,no,,Not in this sector's bundle (sectors.ts:370); nothing renders. DESCRIBED: cart comes from experience.canOrderProducts which store-experience.ts:183 sets to a flat true; module flag never read
professional,inventory,no,no,0,no,yes,no,catalog,Not in this sector's bundle (sectors.ts:370); nothing renders. DESCRIBED: no public surface; merchant route /merchant/[id]/inventory exists
professional,delivery,no,no,0,no,yes,no,orders,Not in this sector's bundle (sectors.ts:370); nothing renders. DESCRIBED: store-delivery-options renders on couriers rows (page.tsx:580) and zones fetch at page.tsx:398 with no module check
professional,pos,no,no,0,no,yes,no,catalog,Not in this sector's bundle (sectors.ts:370); nothing renders. DESCRIBED: in-store only; correctly has no public surface
professional,appointments,yes,no,5,yes,yes,no,,Primary engine for this sector. In bundle at sectors.ts:370. DESCRIBED: read by store-experience.ts:117 to pick the appointment surface
professional,timeslot,no,no,0,no,yes,no,,Not in this sector's bundle (sectors.ts:370); nothing renders. DESCRIBED: gates the store_resources fetch at page.tsx:216
professional,classes,no,no,0,no,yes,no,,Not in this sector's bundle (sectors.ts:370); nothing renders. DESCRIBED: gates the store_classes fetch at page.tsx:236; store_classes holds 1 row in production
professional,reservations,no,no,0,no,partial,no,,Not in this sector's bundle (sectors.ts:370); nothing renders. DESCRIBED: gates ReservationForm at page.tsx:661; no table/party-size model behind it
professional,memberships,no,no,0,no,yes,no,,Not in this sector's bundle (sectors.ts:370); nothing renders. DESCRIBED: gates the plans fetch at page.tsx:226; store_memberships holds 0 rows in production
professional,rentals,no,no,0,no,no,no,timeslot,Not in this sector's bundle (sectors.ts:370); nothing renders. DESCRIBED: zero readers anywhere in src/; pulls timeslot in via withDependencies
professional,requests,no,yes,5,yes,yes,no,,In sector default bundle at sectors.ts:370; merchant may switch it off at /merchant/[id]/modules. DESCRIBED: read by store-experience.ts:118 to show the service-request form
professional,listings,no,no,0,no,partial,no,,Not in this sector's bundle (sectors.ts:370); nothing renders. DESCRIBED: zero readers; listings render through the generic catalog surface
professional,portfolio,no,no,0,no,yes,no,,Not in this sector's bundle (sectors.ts:370); nothing renders. DESCRIBED: gates the fetch at page.tsx:247; store_portfolio holds 0 rows in production despite a complete merchant UI
professional,courses,no,no,0,no,yes,no,,Not in this sector's bundle (sectors.ts:370); nothing renders. DESCRIBED: gates the fetch at page.tsx:257
professional,team,no,yes,3,sector-only,yes,no,,In sector default bundle at sectors.ts:370; merchant may switch it off at /merchant/[id]/modules. DESCRIBED: gated by sectorHasTeam (sectors.ts:438) which reads the SECTOR default and ignores the store_modules override - a bug
professional,reviews,no,yes,6,ungated,no,no,,In sector default bundle at sectors.ts:370; merchant may switch it off at /merchant/[id]/modules. DESCRIBED: StoreReviews renders on store.isReal alone (page.tsx:714); the module flag is never read; 5 rows across 11 stores
professional,verifications,no,yes,2,yes,yes,yes,,In sector default bundle at sectors.ts:370; merchant may switch it off at /merchant/[id]/modules. DESCRIBED: gates StoreVerifications at page.tsx:706; the only module with an admin review queue
professional,location,no,yes,0,yes,yes,no,,RECOMMENDED ADD: an office address is a decision input for this sector. Not in the bundle at sectors.ts:370 today. DESCRIBED: gates the map at page.tsx:584; only 3 of 11 active stores carry coordinates
professional,marketing,no,no,0,no,yes,no,,Not in this sector's bundle (sectors.ts:370); nothing renders. DESCRIBED: zero readers; no public offers surface exists
professional,messaging,no,yes,0,ungated,yes,no,,In sector default bundle at sectors.ts:370; merchant may switch it off at /merchant/[id]/modules. DESCRIBED: MessageStoreButton renders on store.isReal (store-header.tsx:181); module flag never read
professional,media,no,no,0,no,partial,no,,Not in this sector's bundle (sectors.ts:370); nothing renders. DESCRIBED: zero readers anywhere in src/; no store-level gallery table exists
contractors,catalog,no,no,0,no,yes,no,,Not in this sector's bundle (sectors.ts:383); nothing renders. DESCRIBED: declared at modules-catalog.ts:60 but zero readers in src/; the product grid renders regardless
contractors,menu,no,no,0,no,yes,no,,Not in this sector's bundle (sectors.ts:383); nothing renders. DESCRIBED: zero readers; the menu heading comes from a slug switch at page.tsx:499-504 not from this module
contractors,orders,no,no,0,no,yes,no,,Not in this sector's bundle (sectors.ts:383); nothing renders. DESCRIBED: cart comes from experience.canOrderProducts which store-experience.ts:183 sets to a flat true; module flag never read
contractors,inventory,no,no,0,no,yes,no,catalog,Not in this sector's bundle (sectors.ts:383); nothing renders. DESCRIBED: no public surface; merchant route /merchant/[id]/inventory exists
contractors,delivery,no,no,0,no,yes,no,orders,Not in this sector's bundle (sectors.ts:383); nothing renders. DESCRIBED: store-delivery-options renders on couriers rows (page.tsx:580) and zones fetch at page.tsx:398 with no module check
contractors,pos,no,no,0,no,yes,no,catalog,Not in this sector's bundle (sectors.ts:383); nothing renders. DESCRIBED: in-store only; correctly has no public surface
contractors,appointments,no,no,0,no,yes,no,,Not in this sector's bundle (sectors.ts:383); nothing renders. DESCRIBED: read by store-experience.ts:117 to pick the appointment surface
contractors,timeslot,no,no,0,no,yes,no,,Not in this sector's bundle (sectors.ts:383); nothing renders. DESCRIBED: gates the store_resources fetch at page.tsx:216
contractors,classes,no,no,0,no,yes,no,,Not in this sector's bundle (sectors.ts:383); nothing renders. DESCRIBED: gates the store_classes fetch at page.tsx:236; store_classes holds 1 row in production
contractors,reservations,no,no,0,no,partial,no,,Not in this sector's bundle (sectors.ts:383); nothing renders. DESCRIBED: gates ReservationForm at page.tsx:661; no table/party-size model behind it
contractors,memberships,no,no,0,no,yes,no,,Not in this sector's bundle (sectors.ts:383); nothing renders. DESCRIBED: gates the plans fetch at page.tsx:226; store_memberships holds 0 rows in production
contractors,rentals,no,no,0,no,no,no,timeslot,Not in this sector's bundle (sectors.ts:383); nothing renders. DESCRIBED: zero readers anywhere in src/; pulls timeslot in via withDependencies
contractors,requests,yes,no,4,yes,yes,no,,Primary engine for this sector. In bundle at sectors.ts:383. DESCRIBED: read by store-experience.ts:118 to show the service-request form
contractors,listings,no,no,0,no,partial,no,,Not in this sector's bundle (sectors.ts:383); nothing renders. DESCRIBED: zero readers; listings render through the generic catalog surface
contractors,portfolio,no,yes,2,yes,yes,no,,In sector default bundle at sectors.ts:383; merchant may switch it off at /merchant/[id]/modules. DESCRIBED: gates the fetch at page.tsx:247; store_portfolio holds 0 rows in production despite a complete merchant UI
contractors,courses,no,no,0,no,yes,no,,Not in this sector's bundle (sectors.ts:383); nothing renders. DESCRIBED: gates the fetch at page.tsx:257
contractors,team,no,yes,0,sector-only,yes,no,,RECOMMENDED ADD: crew leads are a real roster for this sector. Not in the bundle at sectors.ts:383 today. DESCRIBED: gated by sectorHasTeam (sectors.ts:438) which reads the SECTOR default and ignores the store_modules override - a bug
contractors,reviews,no,yes,6,ungated,no,no,,In sector default bundle at sectors.ts:383; merchant may switch it off at /merchant/[id]/modules. DESCRIBED: StoreReviews renders on store.isReal alone (page.tsx:714); the module flag is never read; 5 rows across 11 stores
contractors,verifications,no,yes,3,yes,yes,yes,,In sector default bundle at sectors.ts:383; merchant may switch it off at /merchant/[id]/modules. DESCRIBED: gates StoreVerifications at page.tsx:706; the only module with an admin review queue
contractors,location,no,yes,7,yes,yes,no,,In sector default bundle at sectors.ts:383; merchant may switch it off at /merchant/[id]/modules. DESCRIBED: gates the map at page.tsx:584; only 3 of 11 active stores carry coordinates
contractors,marketing,no,no,0,no,yes,no,,Not in this sector's bundle (sectors.ts:383); nothing renders. DESCRIBED: zero readers; no public offers surface exists
contractors,messaging,no,yes,0,ungated,yes,no,,In sector default bundle at sectors.ts:383; merchant may switch it off at /merchant/[id]/modules. DESCRIBED: MessageStoreButton renders on store.isReal (store-header.tsx:181); module flag never read
contractors,media,no,yes,0,no,partial,no,,In sector default bundle at sectors.ts:383; merchant may switch it off at /merchant/[id]/modules. DESCRIBED: zero readers anywhere in src/; no store-level gallery table exists
farm,catalog,yes,no,2,no,yes,no,,Primary engine for this sector. In bundle at sectors.ts:396. DESCRIBED: declared at modules-catalog.ts:60 but zero readers in src/; the product grid renders regardless
farm,menu,no,no,0,no,yes,no,,Not in this sector's bundle (sectors.ts:396); nothing renders. DESCRIBED: zero readers; the menu heading comes from a slug switch at page.tsx:499-504 not from this module
farm,orders,yes,no,2,ungated,yes,no,,Primary engine for this sector. In bundle at sectors.ts:396. DESCRIBED: cart comes from experience.canOrderProducts which store-experience.ts:183 sets to a flat true; module flag never read
farm,inventory,no,no,0,no,yes,no,catalog,Not in this sector's bundle (sectors.ts:396); nothing renders. DESCRIBED: no public surface; merchant route /merchant/[id]/inventory exists
farm,delivery,no,yes,3,ungated,yes,no,orders,In sector default bundle at sectors.ts:396; merchant may switch it off at /merchant/[id]/modules. DESCRIBED: store-delivery-options renders on couriers rows (page.tsx:580) and zones fetch at page.tsx:398 with no module check
farm,pos,no,no,0,no,yes,no,catalog,Not in this sector's bundle (sectors.ts:396); nothing renders. DESCRIBED: in-store only; correctly has no public surface
farm,appointments,no,no,0,no,yes,no,,Not in this sector's bundle (sectors.ts:396); nothing renders. DESCRIBED: read by store-experience.ts:117 to pick the appointment surface
farm,timeslot,no,no,0,no,yes,no,,Not in this sector's bundle (sectors.ts:396); nothing renders. DESCRIBED: gates the store_resources fetch at page.tsx:216
farm,classes,no,no,0,no,yes,no,,Not in this sector's bundle (sectors.ts:396); nothing renders. DESCRIBED: gates the store_classes fetch at page.tsx:236; store_classes holds 1 row in production
farm,reservations,no,no,0,no,partial,no,,Not in this sector's bundle (sectors.ts:396); nothing renders. DESCRIBED: gates ReservationForm at page.tsx:661; no table/party-size model behind it
farm,memberships,no,no,0,no,yes,no,,Not in this sector's bundle (sectors.ts:396); nothing renders. DESCRIBED: gates the plans fetch at page.tsx:226; store_memberships holds 0 rows in production
farm,rentals,no,no,0,no,no,no,timeslot,Not in this sector's bundle (sectors.ts:396); nothing renders. DESCRIBED: zero readers anywhere in src/; pulls timeslot in via withDependencies
farm,requests,no,no,0,no,yes,no,,Not in this sector's bundle (sectors.ts:396); nothing renders. DESCRIBED: read by store-experience.ts:118 to show the service-request form
farm,listings,no,no,0,no,partial,no,,Not in this sector's bundle (sectors.ts:396); nothing renders. DESCRIBED: zero readers; listings render through the generic catalog surface
farm,portfolio,no,no,0,no,yes,no,,Not in this sector's bundle (sectors.ts:396); nothing renders. DESCRIBED: gates the fetch at page.tsx:247; store_portfolio holds 0 rows in production despite a complete merchant UI
farm,courses,no,no,0,no,yes,no,,Not in this sector's bundle (sectors.ts:396); nothing renders. DESCRIBED: gates the fetch at page.tsx:257
farm,team,no,no,0,no,yes,no,,Not in this sector's bundle (sectors.ts:396); nothing renders. DESCRIBED: gated by sectorHasTeam (sectors.ts:438) which reads the SECTOR default and ignores the store_modules override - a bug
farm,reviews,no,yes,7,ungated,no,no,,In sector default bundle at sectors.ts:396; merchant may switch it off at /merchant/[id]/modules. DESCRIBED: StoreReviews renders on store.isReal alone (page.tsx:714); the module flag is never read; 5 rows across 11 stores
farm,verifications,no,no,0,no,yes,yes,,Not in this sector's bundle (sectors.ts:396); nothing renders. DESCRIBED: gates StoreVerifications at page.tsx:706; the only module with an admin review queue
farm,location,no,yes,6,yes,yes,no,,In sector default bundle at sectors.ts:396; merchant may switch it off at /merchant/[id]/modules. DESCRIBED: gates the map at page.tsx:584; only 3 of 11 active stores carry coordinates
farm,marketing,no,no,0,no,yes,no,,Not in this sector's bundle (sectors.ts:396); nothing renders. DESCRIBED: zero readers; no public offers surface exists
farm,messaging,no,yes,0,ungated,yes,no,,RECOMMENDED ADD: the only sector without messaging; looks unintentional. Not in the bundle at sectors.ts:396 today. DESCRIBED: MessageStoreButton renders on store.isReal (store-header.tsx:181); module flag never read
farm,media,no,yes,5,no,partial,no,,In sector default bundle at sectors.ts:396; merchant may switch it off at /merchant/[id]/modules. DESCRIBED: zero readers anywhere in src/; no store-level gallery table exists
